customer_id,customer_name
518529,Cassidy David
929362,Kayla Ball
390753,James Vaughn
310934,Eric Spears
781110,Hayley King
671615,Edward Case
421259,Deborah Graham
233961,Jacqueline Johnson
711114,Kenneth Reyes
584205,Stefanie Davis
851827,Sarah Leblanc
950651,Nicholas Greer
770201,Mr. Trevor Bartlett Jr.
503326,Anna Gates
931900,Terry Williams
854332,Lynn Campbell MD
117564,James Kirk
818009,Mark Jones
797343,Regina Thomas
227460,Brandon Gentry
48252,Carolyn Brown
743095,Marie Brown
634752,Marie Johnson
196694,Kenneth Moore
928153,Ross Rowe
243001,Kelly Fowler
117438,Sheryl Castaneda
423850,Kristin Nelson
645397,Robin Pham
623329,Maria Odom
328674,John Jones
269403,Brandon White
984944,Jessica Stephens
888264,Sydney Maddox
595665,Nicole Calderon
191023,Debra Camacho
210786,Rachel Price
14716,Beth Fisher
460891,John Moody
874931,Kimberly Rodriguez
518060,Robert Graham
875197,Dana Ruiz
475721,Barbara Shaw
612285,Chelsea Ashley
165447,Timothy Bowers
781633,Richard Robinson
985595,Stacy Walsh
194033,Mary Wiggins
384498,Matthew Ho
471531,Michael Hernandez
944536,Brian Powell
36650,Paul Rogers
101581,Joe Anthony
932610,Melissa Strong
596592,Terri Bell
173880,Jacob Wilson
996410,Jacqueline Kim
55761,Caroline Nguyen
581785,Mrs. Tasha Mack
707603,Charles Griffith
879144,Emily Dillon
685146,Kenneth Jones
809937,Jorge Johnson
357687,Elizabeth Cooper
117617,Mrs. Amanda Bean
330048,Melissa Richards
64080,Erica Horton
364209,Jenna Cook
996981,Ms. Paula Lopez MD
983500,Angela Henry
889015,Virginia Turner
546734,Stephanie Short
522129,Destiny Chen
762180,Nathan Duncan
136854,Kylie Freeman
940543,Kyle Flores
388457,Bob Duncan Jr.
413067,Sean Watson
637424,Patricia Robinson
304670,John Little
502364,Alexis Taylor
534438,Susan Maxwell
458127,Derrick Morales
180714,David Johnson
530255,Tiffany Boyle
776964,Larry Yoder
598837,Matthew Pollard
292659,Christina Guzman
406478,Patricia Johnson
635577,Lori Lucas MD
899762,John Gates II
672970,Tim Mendoza
327052,Penny Martin
437613,Brian Collins
650920,Derrick Smith
31020,Lori Aguirre
559015,Chad Pittman
246433,Brian Baker
96638,Cassandra Fuller
423250,Victoria Walker
136977,Laurie Gonzalez
56767,Jeffrey Green
914716,Amanda Gates
328693,Stacey Obrien
628600,Kenneth Good
559654,Virginia Martinez
245401,Lisa Rosales
369762,Breanna Ellis
564102,Anthony Greer
609353,Adriana Hicks
197332,Matthew Fletcher
428763,Timothy Sullivan
316043,Cynthia Flowers
147377,Anna Wright
93429,John Rodriguez
994805,Gerald Davidson
680979,Michael Johnson
421812,Debra Swanson
459452,Lydia Bennett
930161,Allison Hill
755569,Danielle Armstrong
507590,Joseph Rodriguez
664472,Debra Hernandez
97357,Michelle Villegas
584901,Darlene Shaw
52791,James Vega
455050,Lance Jennings DDS
86387,Lisa Martin
140363,Crystal Randall
683437,Mr. Justin Rodriguez MD
644226,Lauren Johnson
849419,Carol Peters
617129,Vincent Ramirez
856378,Matthew Johnson
398448,Jennifer Thompson
448024,Jennifer Silva
95212,Nathan Caldwell
679903,Anthony Nelson
189952,April Boone
965858,Christopher Alvarez
78103,Jose Hughes
91950,Anthony Garcia
36968,Sarah Mack
855969,Lindsey Davis
56301,Ms. Rachel Buckley
34532,Michael Roberts
430353,Mr. Juan Snyder
269216,Daniel Graves
738214,Philip Doyle
220457,Andrea Hood
507663,Christopher Barker
720132,Brenda Khan
20908,Mrs. Alexa Mills
86639,Megan Weber
737992,Stephanie Young
664593,Donald Turner
536662,Jennifer Jones
562761,Alicia Acosta
78394,Meghan Johnston
100995,Eric Clarke
392642,James Moore
650477,Raymond Peterson
904716,Patrick Hoffman
581874,Roberto Duncan
254784,Matthew Smith
585430,Paul Carter
861226,Leonard Wright
276853,Julia Lozano
445821,Valerie Bryan
173137,Gregory Pittman
823307,Steven Gordon
866691,Matthew Mcgee
378265,Tina Hess
596475,Chad Davila
921846,Michelle Foster
513575,Kayla Carpenter
983759,Tiffany Good
603804,Christine Hopkins
738288,Reginald Wiggins
989857,Joseph Harper
746928,Daniel Frye
423447,Susan Rodgers
640289,Beth Barber
602295,Kayla Davis
76629,Katrina Shelton
385508,William Cohen
552623,Brenda Gamble
583600,Natasha Hawkins
936416,Samantha Hubbard
175660,Robert Thompson
982599,Erin Escobar
236261,Shelby Mayo
461623,Sheila Huffman
139071,Victor Hernandez
600615,Kelly Wu
137563,Jason Copeland
917391,Carolyn Landry
991217,Elizabeth Cook
950564,Valerie Henson
768698,Angela Cannon
78305,Jack Bell
926409,Aimee Turner
101303,Diana Ball
484153,Shannon Vazquez
848551,Jason Powers
784309,Laurie Miller
508050,Allison Smith
233931,Bruce Love
257045,Annette Jones
88198,Tommy Day
52517,Trevor Brown
688297,Anna Landry
495086,Perry Montoya
852444,Jennifer Haas
612883,Danielle Garcia
637121,Chad Richardson
957202,Martin Dudley
521482,Debra Wright
587167,Mr. Brian Gibson
910504,Marcia Thompson
322789,Miguel Baker
655350,Caroline Johnson
590720,Steven Bright
14156,Gene Ramirez
699868,Richard Kennedy
525282,Kristine Levine
209102,Dr. Jim Le
365942,Justin Mcmahon
616268,Kimberly Durham
544204,Jessica Lynch
203905,Christopher Smith DDS
881504,Michael Nichols
520796,Marcus Butler
515877,Daniel Hamilton
822677,Juan Smith
145543,Steven Smith
912319,Courtney Moreno
558584,Autumn Adams
203138,Carrie Walters
47229,Mr. Raymond Gutierrez
522477,James Williams DDS
44897,Leonard White
905034,Joseph Wallace
413526,Craig Rios
933740,Kari Johnson
647427,Jennifer Kirk
587452,Jeremy Bryant
75319,Wendy Gibson
670663,Miss Tammie Sampson
838747,William Howell
352921,Gina Smith
27431,Phillip Richardson
999193,Joseph Riddle
39169,Derrick Rogers
201269,Patricia Graham
299575,Jacob Davis
250257,Latoya Davis
755658,Patricia Smith
507959,Mary Brewer
76351,Kevin Cook
712403,Monique Martinez
129054,Isabel Newton
536585,Robert Shelton
737704,Mr. Daniel Thompson MD
321005,Tammy Michael
407697,Stephanie Kelly
48993,Anne Smith
664546,Danielle Stephens
371641,Austin Pham
785898,Brandon Jenkins
668642,Donna Perez
373973,Mary Kim
865995,Ashley Torres
667707,Zachary Riley
705850,Diana Mclaughlin
334337,Jeffery Murray
857493,Donald Little
164141,Patricia Anderson DDS
161363,Susan Stafford
36691,Emily Pham
789602,Joshua Wood
470246,Emily Dickson
465060,Todd Jones
352350,Anthony House
870713,Justin Garcia
616942,Ricardo Nichols
363949,Brian Boyd
412348,Christina Browning
999062,David Vargas
546843,Andrew Palmer DDS
27692,Brittany Hernandez
382352,Susan Lynch
730227,Dawn Perry MD
264,Richard Rhodes
473251,Amanda Foster
523769,Michael Lee
471884,Christopher Stephenson
933252,Brian Thomas
653283,Leah Castillo
949022,Connie Boyer
675166,Melissa Gardner
867541,Bethany Jackson
151421,Sarah Jarvis
857559,Tim Marshall
569815,Katherine Macias
771817,Diane Zimmerman
231666,Brandy Graves
781457,Nicholas Stephens
170645,Austin Williams
169931,Mark Mccann
895437,Kenneth Harris
612320,Sherry Castro
974063,Patrick Neal
138968,Jennifer Higgins
602672,Robert Jennings
858301,Charlene Frye
560789,Cynthia Myers
194013,David Miller
166760,Mark Hartman Jr.
770672,Raymond Walker
457833,James Gardner
201317,Joshua Jenkins
778409,Selena Jones
624190,Austin Diaz
703243,Judy Dennis
660396,Robert Mack
181160,Richard Schmidt
862401,John Hahn
934099,Victoria Murphy
882275,Krista Durham
342650,Elizabeth Williams
455009,Michelle Montgomery
346285,Patricia Olson
490474,Anthony Calhoun
350718,Anne Sanchez
975708,Kevin Oconnor
999281,Philip Burns
906897,Matthew Love
434454,James Dalton
833937,Deborah Lewis
98059,Nicole Simon
884008,Michael Nolan
113557,David Rasmussen
489456,Suzanne Evans
22193,Raymond Gonzalez
444971,Mary Briggs
690045,Shawn Graham
587520,Ronald Williams
772143,Terry Harrell
354049,Jennifer Carey
603175,Monique Mcguire
523967,Krystal Little
996395,Alexis Miller
395415,Misty Alvarez
477462,Mrs. Kristina Rodriguez
430659,Jacob Sanders
14007,Angel Holmes
171617,Douglas Golden
806741,Cindy Miller
616785,Whitney Davis
395993,Cynthia Williams
728531,Patrick Castro
972,James Collier
13633,Alyssa Williams
920417,Denise King
568643,Mark Brown
319048,Frank Vargas
6280,Pamela James
402571,Laura Price
691462,Lisa Ayala
951187,Jennifer Vaughn
6966,Robert Morgan
488355,Cameron Hood
349515,George Davis
80245,Mark Moore
798040,Stephanie Franklin
434060,Martin Berry
861881,Patrick Murphy
978405,Scott Medina
459592,Cameron Morgan
925109,Gregory Tucker
999394,Michael Turner
128910,Patricia Clark
280621,Tamara James
477812,David Braun
815674,Becky Williams
806750,Melissa Rodriguez
909686,Robert James
539776,Sally Griffin
50727,Justin Walton
716313,Aaron Coleman
150881,Tammy Best
29691,Michael Townsend
383240,Thomas Sanchez
787999,Paul Sanford
783799,William Myers
585680,Valerie Walsh
862942,Keith Sweeney
916845,Benjamin Johns
107,Lauren Gomez
833387,Lisa Graham
351294,Barbara Stephens
223171,Andrew Phelps
612911,Amy Hale
927044,Kimberly Palmer
112468,David Nelson
797081,Madison Mann
672447,Madison Gonzalez
630187,Mark Salazar
712248,Dana Solomon
831313,Jamie Edwards
38326,Dr. Mike Martinez
332191,Alexandra Carlson
250839,Angela Cohen
145017,Cameron Henry
443894,Miguel Lin
344745,Mary George
608871,Angela Mays
718057,Timothy Hernandez MD
762467,Taylor Robinson
630372,Micheal Frazier
792811,Justin Thompson
394905,Bob Wagner
602168,Amanda Evans
563667,Joe Clark
882824,Adam Scott
265526,Dr. Martha Lee
815093,David Jackson
152706,Mark Jensen
235946,Jesus Miller
714030,Theodore Cox
566460,Jacqueline Smith
81851,Courtney Anderson
753714,Nathan Perez
137973,Kevin Cooper
240678,Christopher Henderson
137143,Suzanne Singh
95035,Martha Mitchell
424768,Sarah Manning
592397,Randy Lopez
910549,Diana Martinez
851099,Jordan Thompson
752474,Jason Jennings
833534,Frederick Fernandez
411290,Kristin Barnes
968938,Amber Nelson
734750,Cynthia Coleman
923735,Christopher Jones
188064,Patricia Phillips DDS
438470,Michael Mcmahon
252726,Hannah Stewart
755605,Karen Adams
647133,Deborah Graves
584487,Justin Sullivan
359114,Michele Beck
166845,Christopher Carr
574036,Rebecca Lee
812359,Stephen Garner
839980,April Reyes MD
160253,Paul Kelly
708481,Brian Townsend
575300,Edgar Williams
750166,Sandra Meyer
248821,Amber Jackson
460564,Victoria Boyd
363185,Valerie Ortiz
357133,Barbara Stephens
493910,Jessica Espinoza
475216,Matthew Green
567803,Colleen Rollins
473522,Jennifer Burns
140954,Sandra Wilson
371931,Diana Jackson
169499,Brooke Fox
662349,Kathleen Weeks
42196,Kimberly Rogers
767075,Robert Jones
429154,Gabriel Gonzalez
192349,Jamie Moran
560182,Joseph Forbes
679591,Autumn Harrell
292167,Anita Carlson
209384,Elizabeth Martinez
127969,Amanda Brock
277760,Oscar Duncan
630170,Kristen Martinez
446720,April Fuentes
665275,John Martinez
207054,Russell Hall
71793,Cheryl Anthony
582460,Steven Johnson
11063,Mark Hunter
368377,Alexander West
163285,Lee Love
139611,Amy Prince
557832,Michelle Wilkins
468662,Lisa Horton
591871,Sheila Cook
199278,Brian Gardner
587473,Caitlin Haynes
197277,Andrew Smith
732828,Matthew Anderson
309850,Miranda Brown
576503,Mark Vega
372169,Jeffery Reyes
532728,Nicolas Thompson
863933,Kenneth Rogers
155900,James Brady
39274,Justin Owens
538101,Ashley Gray
291570,Lauren Fisher
712225,Justin Watts
923323,Ryan Cohen
958101,Lisa Davis
82751,Taylor Arnold
549594,Dennis Davidson
489399,Casey Horton
308352,Jesse Reynolds
90269,Ann Shaffer
336037,Regina Phillips
751452,Christopher Smith
115915,Kelly Shelton
515184,Tina Taylor
464872,Michael Long
134961,Jesus Collins
554003,Diamond Potts
320269,Travis Lewis
165384,Heather Smith
771511,Donald Chen
227596,Alan Clark
938933,Kristopher Gray
495230,Kaitlin Crawford MD
380641,Steve Larson
135057,April Romero
664033,Jessica Stevens
968698,Courtney Schwartz
246692,Alexis Valentine
515351,Maria Murphy
559490,Katherine Reese
429678,Cole Knox
923173,Dorothy Rose
401873,Kevin Taylor
484287,Troy Curry
104133,Sarah Taylor
247475,Dale Hunt
125751,Christopher Kaiser
262568,Kelly Gomez
7845,Erica Lang
827793,Brian Jennings
831848,Laura Evans
57626,Jordan Foster
818239,Jacob Mcgee
584449,Brittany Wagner
870603,Thomas Hardin
678612,Richard Jackson
294946,Katelyn Mcclain
927858,Adam Lloyd
832829,Juan Vazquez
742451,Leslie Hayden
556400,Dustin Flores
689465,Caleb Turner
839606,Alicia Rodriguez
855529,Laura Sanchez
546941,Brooke Smith
419995,David Andrews
381642,Jamie Mueller
96215,Anthony Wright
823597,Bryan Richardson
520947,Daniel Martin
818357,Jane Morgan
37203,Matthew Fleming
874005,Vincent Lee
848977,Amy Young
207490,Elizabeth Harris
620941,Anne Newman
154332,Justin Shannon
549661,Patricia Morales
833612,Alex Ford
654393,Andrew Gray
188685,Daniel Henderson
301993,Maria Williamson
455424,Andrew Molina
315390,Jamie Harris
16493,Brenda Neal
519434,Vanessa Hill
60181,Evan Klein
803353,Christine Coleman
911637,Mark Wells
404701,Richard Mccarty
535660,Joseph Austin
870946,Sergio Moreno
932993,Theresa Fisher
729705,Kristin Woods
331733,Roger Chavez
774904,Breanna Fernandez
777276,Travis Lynch
376907,Ian Curry
81751,Adam Diaz
888391,Vanessa Washington
261634,Don Moon
391388,Kathryn Campbell
804960,Timothy Ross
550085,Matthew Hoover
813963,Gabrielle Smith
238439,Jeffrey Garcia
697058,John Williams
84819,Sarah Nguyen
172823,Michael Lopez
866116,Anthony Davis
840878,Joseph Adams
706695,Jennifer Mccarty
483536,Christian Harris
932225,Leslie Thompson
626497,William Perry
728075,Cassandra Patterson
920416,Daniel Orozco
6126,Michael Fletcher
768286,James Ellison
413337,Michael Fry II
836889,Brittany Barron
72733,Ruth Townsend
729973,Jason Fields
601735,Ashley Smith
636102,Mr. Mark Johnson
396712,Ronald Anderson
342638,Amy Spencer
621098,Frank Summers
874974,Daniel Thomas
984864,Jeffrey Grimes
213513,Michelle Miller
382805,Joseph Wright
341424,Elizabeth Schaefer
117826,Kelsey Woodward
204004,Michael Medina
615548,Malik White
80031,Erin Gomez
294850,Lee Ferguson
70187,Eric Martin
884581,Tami Ramirez
778269,Deborah Miller
280851,Jacob Sims
484281,Erik Bailey
550732,Garrett Dodson
454548,David Chambers
463207,Gregory Jones
11923,Cheryl Porter
61280,Philip Acosta
787796,Kim Montgomery
946402,Stacey Stevens
689337,Micheal Gaines
378584,Kelly Vance
88155,Andrew Barnett
583637,Alejandra West
888626,Scott Thomas
937428,Robert Burgess
442735,Sara Daniels
121137,Wayne Harrison
714845,Christy Adams
392170,Ann Benjamin
116528,Frank Wright
404730,Nicholas Pratt
350411,Mary Woods
801256,Sarah Wright
500610,Theodore Cruz
60144,Wesley Vasquez
279732,Larry Jones
77521,Gina Mcdonald
374054,Joy Keller
431024,Tyler Stone
395107,Jodi Rush
415384,Teresa Bridges
722344,Lydia Diaz
191757,Kari Williams
661404,John Hatfield
749908,Mathew Martin
703950,Raymond Carrillo DVM
736344,Brenda Solis
32215,Lisa Farmer
63974,Jordan Cochran
1652,Sean Riley
932854,Robert Smith
213990,Teresa Rice
299053,Michael Wolfe
200524,Lauren Mills
707338,Richard Shea
628014,Ethan Tate
968335,Brian Watson
745900,Joseph Smith
42986,Bridget Sampson
48466,Ashley Chavez
229812,Timothy Torres
755614,Maurice Lucas
361959,Joshua Alexander
783508,Kristina Rodriguez
685086,Jose Perkins
765317,Scott Day
464332,Jeremy Spence
92889,Sheila Glover
234825,Christina Shaw
20448,Kelli Rubio
777018,Emily Kelly
905074,Ashley Braun
464649,Kelsey Carr
979032,Bridget Rodriguez
860989,Julia Santos
777664,Brooke Wilson
543824,Anthony Allen
755718,Joan Lopez
750621,Janet Black
199177,Scott Sharp
129363,Jacqueline Maynard
905074,Phillip Young
853361,Dawn Johnson
37172,Debbie Nguyen
614423,Brian Wilson
692448,Mr. Christopher Weeks
463301,Harry Santos
848233,Maria Roach
480522,Jacqueline Davis
156357,David Scott
694594,Paula Bond
871464,James Walker
462805,Robert Mcbride
552170,Christopher Wang
989750,Julie Baker
362965,Michael Owens
157837,Eugene Bell
596821,Elizabeth Scott
691958,Jessica Delacruz
936762,Spencer Lucas
72045,Ethan Fleming
983629,Morgan Sullivan
877910,Rebecca White
717300,Matthew Rodriguez
164954,Sarah Davis
227502,Dennis Miller
318780,Javier Gamble
328884,Tanya Lee
85395,Sheila Stephens
935630,James Washington
117118,Cynthia Short
48571,Jaclyn Camacho
255360,Laurie Peterson
715200,Bryan Evans
157513,Keith Stokes
502752,Paul Little
997716,Joshua Lewis
774110,Chloe Allen MD
923339,Brandy Webb
484156,William Hall
237427,Teresa Hart
118054,Matthew Joseph
120021,Dennis Decker
798207,James Lawrence
341189,Patrick Harrington II
492517,David Luna
78012,Robert Carter
385334,David Thompson
981113,Anne Stevens
154341,Doris Caldwell
736972,Joseph Johnson
970337,Jon Jones
331537,Carrie Daniels
653273,Mario Nelson
548798,James Clements
254927,Andres Rivera
666980,Wesley Atkins
181529,Austin Fernandez
83631,Gary Harris
775116,Brent Martinez
536214,Tabitha Santiago
596124,William Davidson
442540,Jeremy Parker
540279,Darius Benitez
674551,Ronald Williams
881508,Anthony Velasquez
429198,Rose Lee
724906,Michael Collins
18871,Rachel Pratt
718470,Frank West
582992,Lisa Joyce
373727,Daniel Parks
751080,Rose Schwartz
903833,Michelle Anderson
29907,Hannah Sparks
528078,Joseph Foster
900364,Mason Beltran
60575,Misty Rivera
24775,Gary Norris
530878,Daniel Page
499516,Brian Woodard
952099,Christine Macias
149969,Jason Cain
523103,Jason Ashley
165102,Jacob Potter
277668,Ryan Baker
808270,Kathleen Mejia
158884,Elizabeth Clark
941588,Robert Benson
549116,Jeffrey Barton
228270,Steven Williams
477074,Katherine Giles
77472,Michelle Gilbert
52908,Heather Roberts
862469,Raymond Maddox
922796,Austin Allison
980930,Jeremy Wood
627054,Jennifer Rojas
304403,Walter Silva
735471,Christopher Blake
278916,Kimberly Carr
218973,Michael Lawrence
360685,Tammy Coleman
208890,Brenda Jones
864009,Mary Ball
179704,Aaron Mccarthy
499463,Lauren Williams
381466,Miguel Brown
225969,Regina Chavez
804241,Matthew George
898073,Joe Stone
214246,Jasmine Summers
486780,Kathy Williams
973452,Michelle Edwards
105447,Darrell Martin
854380,Jennifer Mendoza
827512,Michael Pineda
566860,Christian Day
891691,Timothy Stevens
43553,Robert Wells
398551,Victor Smith
307515,Michael Allen
581542,Kevin Foley
510648,Zachary Williams
507580,David Jenkins
685167,Chad Wood
333759,Jonathan Franklin
837824,Brenda Perry
462877,Bonnie Robinson
987574,Ashley Smith
657826,Renee Bowen
883745,Marissa Gill
957286,Justin Johnson
494975,Lisa Watkins
799887,Gregory Townsend
100885,Elizabeth Mitchell
553227,Paul Black
493906,Kyle Smith
576849,Jeremy Boyd
978760,Tiffany Nichols
618028,Becky Decker
998210,Kristen Mcintyre
156683,Melissa Martinez
472761,Michael Conner II
890154,Charles Dorsey
357872,Jonathan Fleming
567773,Crystal Boone
936476,John Bishop
805970,Brooke Romero
297897,Ashley Cortez
841357,Karla Mitchell
656177,Edward Carter
653713,Shannon Schaefer
710629,Bailey Bell
88642,Shannon George
442336,Candace Wright
355554,Carlos Reed
90566,Natasha Newman
783334,Angela Bush
31976,Benjamin Donovan
641720,Emily Nelson
185510,Mike Rodriguez
909027,Gary Kemp
400481,Sandra Johnson
272744,James Jensen
292308,Melissa Evans
216945,Kenneth Evans
607077,Cynthia Aguilar
640630,Katherine Cooper
81583,Matthew Spears
559077,Cole Strickland
502762,Erin Brown
454202,Joshua Jones
360935,William Wheeler
678813,Sara Salas
719780,John Kim
308659,Lisa Diaz
925609,Anthony Bryant
994530,Mackenzie Porter
420069,Megan Gaines
873826,David Pennington
715676,Gregory Buchanan
420984,Jennifer Allen
446619,Brian Raymond
833614,Timothy Jones
744442,Erika Walker
824820,Robert Clark
504216,Sophia Davis
191875,Mia Gutierrez
5290,Jack Peterson
144079,Bonnie Castillo
893975,Kevin Garza
839689,Alexandra Oliver
946205,Jenna Robertson
571359,Debra Webster
252958,Jennifer Gonzales
811992,Roberto Foster
820285,Peter Anderson
883233,Ashley Herring
510204,Joe Lopez
502568,Nathaniel Bennett
197284,Julie Day
79088,Neil Livingston
328665,Angelica Smith
55925,Robert Mcclain
651032,Andrea Collins
458313,Taylor Smith
345280,Edward Sullivan
798914,Melvin Wright
300241,Charles Cook
923160,Yvonne Perez
682994,Norma Joseph
429391,Barbara Bush
879607,Olivia Ray
199526,Brittany Guerrero
464911,Kimberly Nichols
191745,Breanna Gutierrez
358319,Hunter Williamson
290471,Connor Lane
842645,Charles Cameron
498446,Patrick Woodward
133448,Daniel Wilson
476710,Christopher Brooks
575118,Sara Dixon
233090,Jennifer Phillips
865491,Brandon Clarke
468933,David Stone
380233,Lisa Wilkerson
547991,Erika Smith
794128,Daisy Singh
372314,Vicki Gray
171194,Adam Fox
665853,Valerie Bender
625106,Devin Oliver
637776,Jessica Fisher
442277,Clayton Boyle
667120,Donald Mcintosh
985125,Erin Hester
414848,Jessica Ellis
104344,Latoya Riggs
514603,Rachel Smith
708939,Martha Williamson
190782,Harold Chung
459435,Tracie Clay
790155,Ryan Hill
595838,Alicia Hall
895674,Taylor Andrews
473006,Crystal Blair
972653,Thomas Russell
785308,David Byrd
701132,Richard Carson
140678,Eddie Blackwell
289817,Jennifer Brown
740191,Teresa Petty
477647,Andre Holland
376931,Jenna Turner
932009,Patrick Butler
549340,Amanda Smith
138760,Mary Ramirez
706808,Tamara Giles
406509,Betty Johnson
685931,Kylie Baldwin
992331,Jessica Davis
781298,Casey Munoz
719781,Karen Perry
338863,Megan Wong
143199,Christopher Miller
861278,Jose Wu
71423,Sydney Blake
974319,Joseph Cisneros
766327,Cathy Chan
740184,Veronica Torres
243801,Miguel Grant
318076,Diane Thompson
458958,Angel Bauer
890879,Jill Curtis
873867,Sarah Norris
620906,Shane Kelly
701755,Kaitlin Singleton
58707,Ashley Whitehead
822595,Madison Garcia
537282,David Scott
442376,Elizabeth Obrien
672507,Kelsey Jones
240965,Michael Cole
883404,Douglas Evans
558750,Kimberly Clark
156762,Beth Brown
419733,Lisa Rodriguez
94802,Denise Smith
